chrom,pos,af_YRI,af_CEU,delta_af
chr9,133255801,0.829,0.929,0.10000000000000009
chr9,133255935,0.829,0.929,0.10000000000000009
chr9,133255936,0.829,0.929,0.10000000000000009
chr9,133256028,0.829,0.929,0.10000000000000009
chr9,133256085,0.806,0.722,0.08400000000000007
chr9,133257521,0.769,0.621,0.14800000000000002
chr9,133261703,0.606,0.621,0.015000000000000013
chr9,133273813,0.69,0.631,0.05899999999999994
