pair,count,mean,std,median,min,max
CEU_vs_CHB,1831,0.021560151894298926,0.08252034563043759,0.0,0.0,1.045111286795773
YRI_vs_CEU,1831,0.0613465656309664,0.1969588266963618,0.0,0.0,1.662756887981037
YRI_vs_CHB,1831,0.0739740815030112,0.24645171072848907,0.0,0.0,2.255287109440236
