overlap_n,overlap_mean,overlap_median,nonoverlap_n,nonoverlap_mean,nonoverlap_median,mw_u,mw_p
86,-0.12044266859218991,-0.08538972067678066,93,-0.18672648290652297,-0.2771839346784704,4533.0,0.12349309112440489
